Transaction Date,Posted Date,Card No.,Description,Category,Debit,Credit,Notes
8/9/2025,8/9/2025,6113,CAPITAL ONE MOBILE PYMT,Payment/Credit,,343.56,
8/1/2025,8/1/2025,6113,CREDIT-CASH BACK REWARD,Payment/Credit,,30.43,
7/24/2025,7/25/2025,6113,TIM HORTONS #8396,Dining,2.79,,
7/24/2025,7/25/2025,6113,TIM HORTONS #3046,Dining,8.86,,
7/23/2025,7/24/2025,6113,10 11 Austurstraeti,Merchandise,7.8,,
7/23/2025,7/24/2025,6113,10 11 Austurstraeti,Merchandise,3.28,,
7/23/2025,7/24/2025,6113,Hressingarskalinn,Dining,16.35,,
7/21/2025,7/22/2025,6113,JD's Steakhouse,Dining,85.2,,I think javon paid half
7/21/2025,7/22/2025,6113,TESCO STORES 6800,Merchandise,1.16,,
7/20/2025,7/21/2025,6113,THE SCRAN AND SCALLIE,Dining,64.28,,I think javon paid half
7/19/2025,7/21/2025,6113,SumUp  *Belli e Brutti,Dining,13.48,,FOOD
7/19/2025,7/21/2025,6113,TESCO STORES 6029,Merchandise,5.69,,FOOD
7/19/2025,7/21/2025,6113,TESCO STORES 6029,Merchandise,1.54,,FOOD
7/18/2025,7/19/2025,6113,LIDL GB  HOLYWELL,Merchandise,0.24,,
7/17/2025,7/18/2025,6113,THE DRUID INN,Dining,140.35,,MOM PAID
7/10/2025,7/11/2025,6113,TESCO STORES 5304,Merchandise,5.04,,
7/6/2025,7/7/2025,6113,TESCO STORES,Merchandise,4.93,,
7/6/2025,7/7/2025,6113,Jintana Thai Restaura,Dining,13,,
7/3/2025,7/3/2025,6113,CAPITAL ONE MOBILE PYMT,Payment/Credit,,503.11,
6/26/2025,6/27/2025,6113,TESCO STORES 6029,Merchandise,4.24,,Moving out Stuf
6/26/2025,6/27/2025,6113,TESCO STORES 6029,Merchandise,2.52,,
6/26/2025,6/27/2025,6113,POUNDLAND LTD - 2207,Merchandise,4.09,,
6/26/2025,6/27/2025,6113,47 Northbailey Ltd,Dining,5.46,,
6/25/2025,6/26/2025,6113,SumUp  *Belli e Brutti,Dining,5.05,,Food
6/24/2025,6/25/2025,6113,Du maths & Science Caf,Other,3.78,,Food
6/21/2025,6/23/2025,6113,PIZZA EXPRESS,Dining,309.94,,Confirm JCR Paid
6/20/2025,6/21/2025,6113,UNIVERSITY COLLEGE DUR,Dining,3.91,,
6/20/2025,6/21/2025,6113,Zaap Durham,Dining,45.09,,yogus and may pay 2/3
6/20/2025,6/21/2025,6113,WLH FOOD,Dining,8.09,,
6/18/2025,6/19/2025,6113,SAINSBURYS S/MKTS,Merchandise,8.33,,
6/18/2025,6/19/2025,6113,UNIVERSITY COLLEGE DUR,Dining,5.41,,
6/16/2025,6/17/2025,6113,TESCO STORES 6029,Merchandise,15.6,,
6/15/2025,6/16/2025,6113,BISHOPS' MILL,Dining,2.33,,
6/15/2025,6/16/2025,6113,SumUp  *Belli e Brutti,Dining,5.05,,
6/14/2025,6/16/2025,6113,ODEON CINEMAS,Entertainment,54.27,,
6/11/2025,6/12/2025,6113,TESCO STORES 6029,Merchandise,5.02,,
6/9/2025,6/10/2025,6113,BISHOPS' MILL,Dining,6.1,,
6/5/2025,6/5/2025,6113,CAPITAL ONE MOBILE PYMT,Payment/Credit,,71.04,
6/4/2025,6/5/2025,6113,UNIVERSITY COLLEGE DUR,Dining,4.08,,
6/4/2025,6/5/2025,6113,Klute,Dining,4.75,,
6/3/2025,6/4/2025,6113,BISHOPS' MILL,Dining,2.32,,
6/3/2025,6/4/2025,6113,UNIVERSITY COLLEGE DUR,Dining,8.14,,
6/4/2025,6/4/2025,6113,Klute,Dining,6.1,,
5/29/2025,5/30/2025,6113,UNIVERSITY COLLEGE CAT,Dining,8.11,,
5/29/2025,5/30/2025,6113,THE PAWSOME CAT CAFE,Dining,11.23,,
5/24/2025,5/26/2025,6113,CO OP LIVE GA,Dining,9.75,,
5/24/2025,5/24/2025,6113,Google YouTubePremium,Phone/Cable,10.82,,
5/22/2025,5/23/2025,6113,TESCO STORES 6029,Merchandise,0.88,,
4/27/2025,4/28/2025,6113,HIYOU SUPERMARKET,Merchandise,3,,
4/24/2025,4/24/2025,6113,Google YouTubePremium,Phone/Cable,10.69,,
4/14/2025,4/14/2025,6113,CAPITAL ONE AUTOPAY PYMT,Payment/Credit,,71.44,
4/8/2025,4/8/2025,6113,REGAL CINEMAS INC,Entertainment,62.97,,
4/1/2025,4/2/2025,6113,TST* DOUGH ZONE - ISSA,Dining,10.98,,
3/27/2025,3/27/2025,6113,CREDIT-CASH BACK REWARD,Payment/Credit,,80.47,
3/27/2025,3/27/2025,6113,CREDIT-REWARD REDEMPTION,Payment/Credit,,1.86,
3/25/2025,3/26/2025,6113,STARBUCKS T5A,Dining,1.86,,
3/24/2025,3/25/2025,6113,JOHNSONS THE CLEANERS,Other Services,24.59,,
3/24/2025,3/25/2025,6113,GREGGS PLC,Dining,2.01,,
3/24/2025,3/25/2025,6113,SAINSBURYS S/MKTS,Merchandise,5.58,,
3/24/2025,3/25/2025,6113,SAINSBURYS S/MKTS,Merchandise,4.09,,
3/24/2025,3/25/2025,6113,NEXUS TRAVEL SHOP,Other Travel,5.84,,
3/24/2025,3/24/2025,6113,Google YouTubePremium,Entertainment,10.37,,
3/22/2025,3/24/2025,6113,SQ *RIVERVIEW KITCHEN,Dining,22.06,,
3/21/2025,3/22/2025,6113,BISHOPS' MILL,Dining,2.58,,
3/21/2025,3/22/2025,6113,TESCO STORES 6029,Merchandise,0.84,,
3/21/2025,3/21/2025,6113,CAPITAL ONE MOBILE PYMT,Payment/Credit,,254.39,
3/18/2025,3/19/2025,6113,BISHOPS' MILL,Dining,7.77,,
3/18/2025,3/19/2025,6113,BISHOPS' MILL,Dining,5.18,,
3/17/2025,3/18/2025,6113,UNIVERSITY COLLEGE DUR,Dining,3.44,,
3/17/2025,3/18/2025,6113,BISHOPS' MILL,Dining,2.59,,
3/15/2025,3/17/2025,6113,CIRCUIT GO,Other Services,5.7,,
3/15/2025,3/17/2025,6113,CIRCUIT GO,Other Services,5.7,,
3/13/2025,3/14/2025,6113,UNIVERSITY COLLEGE DUR,Dining,1.88,,
3/11/2025,3/12/2025,6113,TESCO STORES 6029,Merchandise,173.98,,
3/9/2025,3/10/2025,6113,FIRST YORK,Other Travel,1.04,,
3/8/2025,3/10/2025,6113,TESCO STORES 6029,Merchandise,1.88,,
3/8/2025,3/10/2025,6113,UBER   *TRIP,Other Travel,9.01,,
3/7/2025,3/8/2025,6113,FIRST YORK,Other Travel,6.72,,
3/8/2025,3/8/2025,6113,FLARES,Dining,6.47,,
3/7/2025,3/8/2025,6113,Stone Roses Bar,Dining,3.88,,
3/4/2025,3/4/2025,6113,CAPITAL ONE MOBILE PYMT,Payment/Credit,,102.57,
3/3/2025,3/4/2025,6113,JOSEPHINE BUTLER COLLE,Dining,1.65,,
3/3/2025,3/4/2025,6113,TrainPal,Other Travel,17.5,,
3/2/2025,3/3/2025,6113,MUA CHA DURHAM,Dining,8.21,,
3/2/2025,3/3/2025,6113,MUA CHA DURHAM,Dining,7.07,,
3/1/2025,3/3/2025,6113,JD WETHERSPOON,Dining,2.51,,
2/28/2025,3/1/2025,6113,UNIVERSITY COLLEGE DUR,Dining,3.66,,
2/28/2025,3/1/2025,6113,STEPHENSON COLLEGE - B,Dining,3.16,,
2/28/2025,3/1/2025,6113,STEPHENSON COLLEGE - B,Dining,3.79,,
2/28/2025,3/1/2025,6113,GREY COLLEGE DURHAM UN,Dining,4.55,,
2/28/2025,3/1/2025,6113,COLLINGWOOD COLLEGE DU,Dining,6.13,,
2/28/2025,3/1/2025,6113,UNIVERSITY COLLEGE CAT,Dining,9.54,,
3/1/2025,3/1/2025,6113,Klute,Dining,3.79,,
2/27/2025,2/28/2025,6341,UNIVERSITY COLLEGE DUR,Dining,3.69,,
2/24/2025,2/25/2025,6341,DURHAM STUDENTS' UNION,Other,,19.04,
2/23/2025,2/24/2025,6341,UNIVERSITY COLLEGE JCR,Entertainment,7.61,,
2/24/2025,2/24/2025,6341,Google YouTubePremium,Internet,10.13,,
2/22/2025,2/24/2025,6341,UNIVERSITY COLLEGE DUR,Dining,3.68,,
2/22/2025,2/24/2025,6341,UNIVERSITY COLLEGE DUR,Dining,11.6,,
2/22/2025,2/24/2025,6341,DURHAM STUDENTS' UNION,Other,19.02,,
2/22/2025,2/22/2025,6341,CAPITAL ONE MOBILE PYMT,Payment/Credit,,223.43,
2/21/2025,2/22/2025,6341,TESCO STORES 6029,Merchandise,13.47,,
2/20/2025,2/21/2025,6341,TESCO STORES 6029,Merchandise,5.44,,
2/19/2025,2/20/2025,6341,CIRCUIT GO,Other Services,5.56,,
2/19/2025,2/20/2025,6341,CIRCUIT GO,Other Services,5.56,,
2/17/2025,2/18/2025,6341,SumUp  *Kendras barber,Professional Services,25.2,,
2/15/2025,2/17/2025,6341,SPACE GOLF NEWCASTLE,Entertainment,4.74,,
2/16/2025,2/17/2025,6341,UBER   *TRIP,Other Travel,40.39,,
2/16/2025,2/17/2025,6341,JD WETHERSPOON,Dining,4.41,,
2/16/2025,2/17/2025,6341,JD WETHERSPOON,Dining,20.21,,
2/15/2025,2/17/2025,6341,KEEL ROW LLOYDS NO,Dining,22.15,,
2/15/2025,2/17/2025,6341,UBER   *TRIP,Other Travel,12.53,,
2/15/2025,2/17/2025,6341,GO NORTH EAST LIMITED,Other Travel,1.26,,
2/14/2025,2/15/2025,6341,UNIVERSITY COLLEGE DUR,Dining,3.66,,
2/14/2025,2/15/2025,6341,BISHOPS' MILL,Dining,5.03,,
2/14/2025,2/15/2025,6341,JD WETHERSPOON,Dining,9.41,,
2/11/2025,2/12/2025,6341,TESCO STORES 6029,Merchandise,1.11,,
2/9/2025,2/10/2025,6341,CAPITAL ONE MOBILE PYMT,Payment/Credit,,142.07,
2/9/2025,2/10/2025,6341,UNIVERSITY COLLEGE JCR,Entertainment,8.75,,
2/8/2025,2/10/2025,6341,MARKS&SPENCER PLC,Merchandise,2.5,,
2/8/2025,2/10/2025,6341,BISHOPS' MILL,Dining,8.59,,
2/8/2025,2/10/2025,6341,BISHOPS' MILL,Dining,3.75,,
2/8/2025,2/10/2025,6341,UNIVERSITY COLLEGE DUR,Dining,6.94,,
2/8/2025,2/10/2025,6341,GO NORTH EAST LIMITED,Other Travel,3.75,,
2/8/2025,2/10/2025,6341,SQ *CP,Dining,22.49,,
2/7/2025,2/8/2025,6341,UNIVERSITY COLLEGE DUR,Dining,3.31,,
2/7/2025,2/8/2025,6341,SumUp  *The Mann s Veg,Merchandise,4.7,,
2/3/2025,2/4/2025,6341,TESCO STORES 6029,Merchandise,4.33,,
2/3/2025,2/4/2025,6341,CIRCUIT GO,Other Services,5.49,,
2/3/2025,2/4/2025,6341,CIRCUIT GO,Other Services,5.49,,
2/2/2025,2/3/2025,6341,LEONARDS COFFEE HOUSE,Dining,5.86,,
1/31/2025,2/1/2025,6341,UNIVERSITY COLLEGE CAT,Dining,3.3,,
1/30/2025,1/31/2025,6341,UNIVERSITY COLLEGE DUR,Dining,3.31,,
1/26/2025,1/27/2025,6341,UNIVERSITY COLLEGE JCR,Entertainment,12.5,,
1/24/2025,1/25/2025,6341,TESCO STORES 6029,Merchandise,2.27,,
1/24/2025,1/24/2025,6341,Google YouTubePremium,Internet,9.88,,
1/21/2025,1/22/2025,6341,GREGGS,Dining,1.6,,
1/21/2025,1/22/2025,6341,TESCO STORES 6029,Merchandise,12.27,,
1/21/2025,1/22/2025,6341,TESCO STORES 6029,Merchandise,6.9,,
1/20/2025,1/21/2025,6341,TESCO STORES 6029,Merchandise,4.6,,
1/19/2025,1/20/2025,6341,UNIVERSITY COLLEGE JCR,Entertainment,8.58,,
1/17/2025,1/18/2025,6341,SumUp  *Belli e Brutti,Dining,10.05,,
1/14/2025,1/14/2025,6341,CAPITAL ONE AUTOPAY PYMT,Payment/Credit,,144.92,
12/31/2024,12/31/2024,6341,403 Lush Bellevue,Merchandise,4.54,,
12/28/2024,12/30/2024,6341,PANDA EXPRESS #2154,Dining,33.09,,
12/16/2024,12/16/2024,6341,TrainPal,Other Travel,,2.11,
12/15/2024,12/16/2024,6341,UBER   *TRIP,Other Travel,77.52,,
12/14/2024,12/16/2024,6341,FIRST YORK,Other Travel,2.54,,
12/14/2024,12/16/2024,6341,UBER   *TRIP,Other Travel,7.57,,
12/14/2024,12/14/2024,6341,Cocoa Joe,Dining,6.3,,
12/14/2024,12/14/2024,6341,SQ *MILLERS STREET FOO,Dining,14.63,,
12/14/2024,12/14/2024,6341,CAPITAL ONE AUTOPAY PYMT,Payment/Credit,,266.44,
12/13/2024,12/14/2024,6341,CHAPTERS,Dining,4.48,,
12/12/2024,12/13/2024,6341,STEPHENSON COLLEGE - B,Dining,3.58,,
12/11/2024,12/12/2024,6341,TESCO STORES 6029,Merchandise,5.11,,
12/10/2024,12/11/2024,6341,UNIVERSITY COLLEGE CAT,Dining,1.7,,
12/8/2024,12/9/2024,6341,DCC Theatres,Other Services,28.19,,
12/8/2024,12/9/2024,6341,TESCO STORES 6029,Merchandise,13.84,,
12/8/2024,12/9/2024,6341,SQ *PRETTY WAFFLE,Dining,10.24,,
12/7/2024,12/9/2024,6341,NYA*Van der Beek-Doorn,Merchandise,12.49,,
12/7/2024,12/9/2024,6341,YO Sushi,Dining,11.53,,
12/7/2024,12/9/2024,6341,SumUp  *Cater global,Merchandise,12.17,,
12/7/2024,12/9/2024,6341,TESCO STORES 6029,Merchandise,0.73,,
12/7/2024,12/9/2024,6341,TESCO STORES 6029,Merchandise,1.03,,
12/7/2024,12/7/2024,6341,TrainPal,Other Travel,4.04,,
12/7/2024,12/7/2024,6341,TrainPal,Other Travel,24.86,,
12/6/2024,12/7/2024,6341,TESCO STORES 6029,Merchandise,9.89,,
12/4/2024,12/5/2024,6341,TESCO STORES 6029,Merchandise,0.83,,
12/4/2024,12/5/2024,6341,SumUp  *KT Barbering,Other Services,25.34,,
12/3/2024,12/4/2024,6341,DURHAM STUDENTS' UNION,Other,22.95,,
12/3/2024,12/4/2024,6341,TESCO STORES,Merchandise,10.22,,
12/1/2024,12/2/2024,6341,CIRCUIT GO,Other Services,5.61,,
12/1/2024,12/2/2024,6341,SAVERS HEALTH & BEAUTY,Health Care,2.28,,
11/30/2024,12/2/2024,6341,UNIVERSITY COLLEGE CAT,Dining,1.7,,
11/30/2024,12/2/2024,6341,SQ *MAPLE PATISSERIE,Dining,5.23,,
11/30/2024,12/2/2024,6341,TESCO STORES 6029,Merchandise,5.04,,
11/29/2024,11/30/2024,6341,TrainPal,Other Travel,47.07,,
11/27/2024,11/29/2024,6341,THE WORKS,Merchandise,10.1,,
11/26/2024,11/27/2024,6341,UNIVERSITY COLLEGE DUR,Dining,3.34,,
11/26/2024,11/27/2024,6341,TESCO STORES 6029,Merchandise,3.72,,
11/25/2024,11/25/2024,6341,CAPITAL ONE MOBILE PYMT,Payment/Credit,,266.44,
11/24/2024,11/25/2024,6341,THE RANGE,Merchandise,17.6,,
11/17/2024,11/18/2024,6341,QUEENS SHOP,Other,4.07,,
11/16/2024,11/18/2024,6341,CIRCUIT GO,Other Services,5.59,,
11/14/2024,11/15/2024,6341,TrainPal,Other Travel,68.13,,
11/13/2024,11/14/2024,6341,The Woodman Inn,Dining,7.02,,
11/12/2024,11/13/2024,6341,TESCO STORES 6029,Merchandise,9.37,,
11/12/2024,11/13/2024,6341,TrainPal,Other Travel,90.14,,
11/8/2024,11/9/2024,6341,STEPHENSON COLLEGE - B,Dining,1.82,,
11/8/2024,11/9/2024,6341,STEPHENSON COLLEGE - B,Dining,1.82,,
11/8/2024,11/9/2024,6341,JOSEPHINE BUTLER COLLE,Dining,3.38,,
11/8/2024,11/9/2024,6341,DURHAM UNIVERSITY VAN,Dining,2.08,,
11/8/2024,11/9/2024,6341,QUEENS SHOP,Other,5.2,,
11/5/2024,11/6/2024,6341,UNIVERSITY COLLEGE JCR,Entertainment,9.1,,
11/1/2024,11/2/2024,6341,SHAHEENS INDIAN BISTRO,Dining,42.59,,
11/1/2024,11/2/2024,6341,The Coffee House,Dining,3.84,,
11/1/2024,11/2/2024,6341,TESCO STORES 6029,Merchandise,2.4,,
10/30/2024,10/31/2024,6341,SumUp  *Belli e Brutti,Dining,4.17,,
10/30/2024,10/31/2024,6341,CIRCUIT GO,Other Services,5.72,,
10/29/2024,10/29/2024,6341,CAPITAL ONE MOBILE PYMT,Payment/Credit,,115.96,
10/27/2024,10/28/2024,6341,UNIVERSITY COLLEGE JCR,Entertainment,36.24,,
10/25/2024,10/26/2024,6341,TESCO STORES 6029,Merchandise,0.71,,
10/24/2024,10/25/2024,6341,UNIVERSITY COLLEGE MCR,Other,3.88,,
10/23/2024,10/24/2024,6341,DINGSWAY SUSHI,Dining,27.73,,
10/22/2024,10/23/2024,6341,BAR 33,Dining,11.72,,
10/21/2024,10/22/2024,6341,TESCO STORES 6029,Merchandise,2.29,,
10/16/2024,10/17/2024,6341,TESCO STORES 6029,Merchandise,5.96,,
10/16/2024,10/17/2024,6341,THE FOOD PIT,Dining,9.83,,
10/11/2024,10/12/2024,6341,TESCO STORES,Merchandise,3.93,,
10/9/2024,10/10/2024,6341,CIRCUIT GO,Other Services,5.77,,
10/8/2024,10/9/2024,6341,GREGGS,Dining,2.63,,
10/7/2024,10/8/2024,6341,DURHAM STUDENTS' UNION,Other,5.27,,
9/4/2025,9/4/2025,8865,Lebara Mobile Limited,Internet,12.11,,
9/3/2025,9/4/2025,8865,"ALIPAY US, INC.",Merchandise,1.08,,
9/3/2025,9/4/2025,8865,aliexpress,Merchandise,1.08,,
9/3/2025,9/3/2025,8865,eBay O*17-13520-68714,Merchandise,436.13,,
8/23/2025,8/25/2025,8865,GOOGLE *YouTubePremium,Entertainment,10.82,,
8/17/2025,8/18/2025,8865,eBay O*12-13458-68779,Merchandise,206.93,,
8/14/2025,8/14/2025,8865,eBay O*24-13443-37809,Merchandise,26.75,,
8/12/2025,8/13/2025,8865,eBay O*14-13436-06220,Merchandise,15.83,,
8/9/2025,8/9/2025,8865,CAPITAL ONE MOBILE PYMT,Payment/Credit,,531.7,
8/5/2025,8/5/2025,6553,Lebara Mobile Limited,Internet,12,,
8/2/2025,8/2/2025,6553,STEAMGAMES.COM 4259522,Internet,3.27,,
8/1/2025,8/1/2025,6553,CREDIT-CASH BACK REWARD,Payment/Credit,,226.73,
7/29/2025,7/29/2025,6553,"ALIPAY US, INC.",Merchandise,4.37,,
7/24/2025,7/25/2025,6553,HREYFILL 82,Other Travel,165.46,,
7/23/2025,7/24/2025,6553,GOOGLE *YouTubePremium,Phone/Cable,10.85,,
7/23/2025,7/24/2025,6553,Straeto Sudurnes,Other Travel,19.66,,
7/21/2025,7/23/2025,6553,LOTHIAN BUSES EDTRAMS,Other Travel,10.38,,
7/20/2025,7/21/2025,6553,LOTHIAN BUSES EDTRAMS,Other Travel,6.74,,
7/20/2025,7/21/2025,6553,PHR RECEPTION,Lodging,87.61,,
7/19/2025,7/21/2025,6553,TJ HUGHES DURHAM,Merchandise,65.31,,
7/19/2025,7/21/2025,6553,POUNDLAND LTD - 2207,Merchandise,14.83,,
7/13/2025,7/14/2025,6553,CONWY CASTLE,Other Services,35.6,,
7/14/2025,7/14/2025,6553,Booking.com Hotel,Lodging,128.88,,
7/12/2025,7/14/2025,6553,KIT KEEPER,Other Travel,37.78,,
7/6/2025,7/7/2025,6553,SQ *THE LITTLE ICECREA,Dining,6.71,,
7/6/2025,7/7/2025,6553,FH* AQUATIC WINDERMERE,Entertainment,58.91,,
7/6/2025,7/7/2025,6553,Lebara Mobile Limited,Phone/Cable,12.32,,
7/3/2025,7/4/2025,6553,KIT KEEPER,Other Travel,45.82,,
7/3/2025,7/3/2025,6553,CAPITAL ONE MOBILE PYMT,Payment/Credit,,181.18,
7/2/2025,7/3/2025,6553,UBER   *TRIP,Other Travel,31.93,,
6/29/2025,6/30/2025,6553,CAVERN PUB,Dining,15.43,,
6/27/2025,6/28/2025,6553,CIRCUIT GO,Other Services,6.06,,
6/27/2025,6/28/2025,6553,WH Smith Durham,Merchandise,5.51,,
6/24/2025,6/25/2025,6553,CENTRAL TAXIS GATESHEA,Other Travel,1.35,,
6/23/2025,6/24/2025,6553,GOOGLE *YouTubePremium,Phone/Cable,10.79,,
6/22/2025,6/23/2025,6553,KIT KEEPER,Other Travel,104.73,,
6/22/2025,6/23/2025,6553,BOOTS/0561,Health Care,12.33,,
6/15/2025,6/16/2025,6553,CIRCUIT GO,Other Services,6,,
6/14/2025,6/16/2025,6553,UBER   *TRIP,Other Travel,13.53,,
6/14/2025,6/14/2025,6553,CAPITAL ONE MOBILE PYMT,Payment/Credit,,112.66,
6/13/2025,6/14/2025,6553,POUNDLAND LTD - 2207,Merchandise,5.45,,
6/12/2025,6/13/2025,6553,LEBANEAT EXPRESS,Dining,5.42,,
6/12/2025,6/13/2025,6553,POUNDLAND LTD - 2207,Merchandise,2.03,,
6/12/2025,6/13/2025,6553,UBER   *TRIP,Other Travel,15.93,,
6/10/2025,6/11/2025,6553,Selecta U.K. Limited,Merchandise,2.58,,
6/8/2025,6/9/2025,6553,SumUp  *Belli e Brutti,Dining,5.03,,
6/8/2025,6/9/2025,6553,THE PAWSOME CAT CAFE,Dining,11.28,,
6/7/2025,6/9/2025,6553,UBER   *TRIP,Other Travel,40.78,,
6/6/2025,6/7/2025,6553,CIRCUIT GO,Other Services,6.67,,
6/6/2025,6/6/2025,6553,Lebara Mobile Limited,Internet,12.26,,
6/5/2025,6/6/2025,6553,UBER   *TRIP,Other Travel,10.68,,
6/5/2025,6/5/2025,6553,CAPITAL ONE MOBILE PYMT,Payment/Credit,,221.72,
6/3/2025,6/4/2025,6553,BISHOPS' MILL,Dining,6.09,,
6/2/2025,6/4/2025,6553,AERLING  82UT8RW JONES 0,Airfare,54.31,,
6/2/2025,6/3/2025,6553,BKG*HOTEL AT BOOKING.C,Other Travel,129.88,,
6/2/2025,6/2/2025,6553,CAPITAL ONE MOBILE PYMT,Payment/Credit,,300.07,
6/2/2025,6/2/2025,6553,SHEIN.COM,Merchandise,31.44,,
5/29/2025,5/30/2025,6553,PAWSOMECATCAFE,Dining,5.41,,
5/25/2025,5/26/2025,6553,FIRST YORK,Other Travel,3.52,,
5/25/2025,5/26/2025,6553,SumUp  *Belli e Brutti,Dining,5.01,,
5/25/2025,5/26/2025,6553,POSTERN GATE,Dining,4.72,,
5/24/2025,5/26/2025,6553,BEENETWORK.COM/CHARGES,Other Travel,6.23,,
5/24/2025,5/26/2025,6553,KEBAB GUYS,Dining,6.75,,
5/22/2025,5/23/2025,6553,UBER   *TRIP,Other Travel,68.89,,
5/21/2025,5/21/2025,6553,Temu.com,Merchandise,2.28,,
5/20/2025,5/20/2025,6553,CAPITAL ONE MOBILE PYMT,Payment/Credit,,192.37,
5/20/2025,5/20/2025,6553,SHEIN.COM,Merchandise,197.26,,
5/18/2025,5/19/2025,6553,EPC*EPIC GAMES STORE,Internet,16.37,,
5/17/2025,5/19/2025,6553,CIRCUIT GO,Other Services,5.87,,
5/17/2025,5/19/2025,6553,CIRCUIT GO,Other Services,5.87,,
5/17/2025,5/19/2025,6553,UNIVERSITY COLLEGE CAT,Dining,4,,
5/15/2025,5/16/2025,6553,ARRIVA DURHAM COUNTY L,Other Travel,1.34,,
5/15/2025,5/16/2025,6553,ARRIVA DURHAM COUNTY L,Other Travel,1.34,,
5/14/2025,5/14/2025,6553,CAPITAL ONE AUTOPAY PYMT,Payment/Credit,,11.64,
5/12/2025,5/13/2025,6553,UBER* TRIP,Other Travel,13.12,,
5/9/2025,5/10/2025,6553,SumUp  *Belli e Brutti,Dining,4.93,,
5/9/2025,5/10/2025,6553,TESCO STORES 6029,Merchandise,3.33,,
5/9/2025,5/10/2025,6553,TESCO STORES 6029,Merchandise,19.37,,
5/8/2025,5/9/2025,6553,UNIVERSITY COLLEGE CAT,Dining,1.78,,
5/7/2025,5/8/2025,6553,SAINSBURYS S/MKTS,Merchandise,6.17,,
5/7/2025,5/8/2025,6553,SAINSBURYS S/MKTS,Merchandise,8.47,,
5/7/2025,5/7/2025,6553,Lebara Mobile Limited,Phone/Cable,12.07,,
5/6/2025,5/7/2025,6553,UBER   *TRIP,Other Travel,5.15,,
5/5/2025,5/6/2025,6553,UNIVERSITY COLLEGE CAT,Dining,3.54,,
5/4/2025,5/5/2025,6553,UNIVERSITY COLLEGE JCR,Entertainment,8,,
5/3/2025,5/5/2025,6553,FINANCE SPARE,Other,3.87,,
5/3/2025,5/5/2025,6553,FINANCE SPARE,Other,8.87,,
5/3/2025,5/5/2025,6553,DURHAM UNIVERSITY HATF,Other,9.4,,
5/3/2025,5/5/2025,6553,DURHAM UNIVERSITY HATF,Other,4.4,,
5/3/2025,5/5/2025,6553,SumUp  *Belli e Brutti,Dining,4.93,,
5/3/2025,5/5/2025,6553,DURHAM UNIVERSITY HATF,Other,13.33,,
5/3/2025,5/5/2025,6553,UNIVERSITY COLLEGE DUR,Dining,3.53,,
5/2/2025,5/3/2025,6553,UNIVERSITY COLLEGE CAT,Dining,4,,
4/30/2025,5/1/2025,6553,CIRCUIT GO,Other Services,5.92,,
4/28/2025,4/29/2025,6553,TESCO STORES 6029,Merchandise,11.15,,
4/27/2025,4/28/2025,6553,GO NORTH EAST LIMITED,Other Travel,4.01,,
4/26/2025,4/28/2025,6553,NEXUS TRAVEL SHOP,Other Travel,6.01,,
4/26/2025,4/28/2025,6553,UBER   *TRIP,Other Travel,3.87,,
4/24/2025,4/24/2025,6553,CAPITAL ONE MOBILE PYMT,Payment/Credit,,22.12,
4/22/2025,4/23/2025,6553,WL *STEAM PURCHASE,Internet,10.48,,
4/8/2025,4/8/2025,6553,Lebara Mobile Limited,Phone/Cable,11.64,,
,,,,,,,
11/30/2023,11/30/2023,UNION 76 SNOQUALMIE WA,55.32,Gasoline,,,
12/1/2023,12/1/2023,UNIV CAL UNDERGRAD ADMIS 800-207-1710 CA,80,Education,,,
12/6/2023,12/6/2023,INTERNET PAYMENT - THANK YOU,-135.32,Payments and Credits,,,
12/9/2023,12/9/2023,EBAY OTP 5098970477 SAN JOSE CA,140.63,Department Stores,,,
12/10/2023,12/10/2023,AMZN MKTP US*CX5TP9BK3 AMZN.COM/BILLWA6WH5H32NRWK,14.84,Merchandise,,,
12/10/2023,12/10/2023,QFC #5829 NORTH BEND WA,7.49,Supermarkets,,,
12/13/2023,12/13/2023,INTERNET PAYMENT - THANK YOU,-162.96,Payments and Credits,,,
12/15/2023,12/15/2023,UNION 76 SNOQUALMIE WA,58.26,Gasoline,,,
12/16/2023,12/16/2023,TST* THE FRENCH BAKERY BELLEVUE WA00032039015150466039AA,20.48,Restaurants,,,
12/18/2023,12/18/2023,SEA KOISHISUSHIBENTOCT26 TUKWILA WA,17.6,Restaurants,,,
12/20/2023,12/20/2023,ABERCROMBIE & FITCH NEW ALBANY OH,50.65,Merchandise,,,
12/27/2023,12/27/2023,ROSS STORES #335 ISSAQUAH WASAMSUNG PAY ENDING IN 6222,5.49,Merchandise,,,
1/2/2024,1/2/2024,EBAY O 08-11004-05156 SAN JOSE CA,19.59,Department Stores,,,
1/15/2024,1/15/2024,INTERNET PAYMENT - THANK YOU,-172.07,Payments and Credits,,,
1/20/2024,1/20/2024,TST* DOUGH ZONE - ISSA ISSAQUAH WA00079520015657274459AA,49.9,Restaurants,,,
1/22/2024,1/22/2024,RIDGE CUPBOP RAMEN SNOQUALMIE WAGOOGLE PAY ENDING IN 5925,30.49,Restaurants,,,
1/25/2024,1/25/2024,AMAZON.COM*R05XA3AR2 AMZN.COM/BILLWA28WNWXCNNQ6,15.78,Merchandise,,,
1/26/2024,1/26/2024,INTERNET PAYMENT - THANK YOU,-80.39,Payments and Credits,,,
1/26/2024,1/26/2024,SQ *THE TRAIL YOUTH NORTH BEND WA0001152921513620204340,5.45,Restaurants,,,
1/30/2024,1/30/2024,EBAY O 14-11115-34168 SAN JOSE CA,70.21,Department Stores,,,
1/31/2024,1/31/2024,SAFEWAY #3613 SNOQUALMIE WA,5.98,Supermarkets,,,
2/2/2024,2/2/2024,RIDGE CUPBOP RAMEN SNOQUALMIE WA,20.69,Restaurants,,,
2/2/2024,2/2/2024,TIL*TP HUXDOTTER HC001 NORTH BEND WA,1.81,Merchandise,,,
2/3/2024,2/3/2024,SQ *THE CRUMPET SHOP SEATTLE WA0001152921513646172455,18.41,Merchandise,,,
2/4/2024,2/6/2024,HOT AND CRISPY NORTH BEND WA,3.26,Restaurants,,,
2/8/2024,2/8/2024,INTERNET PAYMENT - THANK YOU,-141.59,Payments and Credits,,,
2/9/2024,2/9/2024,SQ *BIJIA'S JUST CUT SNOQUALMIE WA0001152921513663891242,36.58,Services,,,
2/20/2024,2/20/2024,WL *STEAM PURCHASE 425-889-9642 WA00016J7KZTAXC001001,43.55,Merchandise,,,
2/24/2024,2/24/2024,SAFEWAY #3613 SNOQUALMIE WASAMSUNG PAY ENDING IN 6222,47.3,Supermarkets,,,
2/25/2024,2/25/2024,DAISO REDMOND TOWN CENTE REDMOND WA,4.68,Merchandise,,,
2/25/2024,2/25/2024,SQ *JUST POKE REDMOND REDMOND WA0001152921513716634831,3.31,Restaurants,,,
3/2/2024,3/2/2024,RIO BRAVO SNOQUALMIE WA,5.99,Restaurants,,,
3/3/2024,3/3/2024,HOT AND CRISPY NORTH BEND WA,10.62,Restaurants,,,
3/9/2024,3/9/2024,CINNABON #219 BELLINGHAM WA,7.99,Restaurants,,,
3/9/2024,3/9/2024,PANDA EXPRESS 2226 BELLINGHAM WA,13,Restaurants,,,
3/9/2024,3/9/2024,RED ROBIN NO 170 BELLINGHAM WA,71.5,Restaurants,,,
3/15/2024,3/15/2024,INTERNET PAYMENT - THANK YOU,-244.52,Payments and Credits,,,
3/15/2024,3/15/2024,NEW SEASONS MARKET # 12 VANCOUVER WA,16.07,Supermarkets,,,
3/15/2024,3/15/2024,TST* THAI PEACOCK PORTLAND OR00098970016568487981AA,20.57,Restaurants,,,
3/16/2024,3/16/2024,NEW SEASONS MARKET # 12 VANCOUVER WA,2.5,Supermarkets,,,
3/16/2024,3/16/2024,SQ *PHO LE VANCOUVER WA0001152921513787407961,44.87,Restaurants,,,
3/16/2024,3/16/2024,SUSHI FACTORY VANCOUVER WA,25.91,Restaurants,,,
3/18/2024,3/18/2024,SAFEWAY #3613 SNOQUALMIE WA,6.19,Supermarkets,,,
4/6/2024,4/6/2024,METROPOLITAN MARKET SAMMAMISH WASAMSUNG PAY ENDING IN 6222,12.08,Supermarkets,,,
4/7/2024,4/7/2024,INTERNET PAYMENT - THANK YOU,-116.11,Payments and Credits,,,
4/9/2024,4/9/2024,REG ISSAQUAH 12 1942 ISSAQUAH WA,27.24,Travel/ Entertainment,,,
4/9/2024,4/9/2024,SHELL57445613102 NORTH BEND WA,50.01,Gasoline,,,
4/11/2024,4/11/2024,SQ *WHISTLEPUNK ICE CR LEAVENWORTH WA0001152921513878365005,4.61,Supermarkets,,,
4/11/2024,4/11/2024,SQ *WHISTLEPUNK ICE CR LEAVENWORTH WA0001152921513878368007,5.7,Supermarkets,,,
4/16/2024,4/16/2024,TST* DOUGH ZONE - ISSA ISSAQUAH WA00079520017163700075AA,24.36,Restaurants,,,
4/20/2024,4/20/2024,RIDGE CUPBOP RAMEN SNOQUALMIE WASAMSUNG PAY ENDING IN 6222,10.9,Restaurants,,,
4/26/2024,4/26/2024,HOT AND CRISPY NORTH BEND WASAMSUNG PAY ENDING IN 6222,9.8,Restaurants,,,
5/1/2024,5/1/2024,PRIME VIDEO CHANNELS AMZN.COM/BILLWABFG95EXRUC4,7.62,Merchandise,,,
5/10/2024,5/1/2024,PRIME VIDEO CHANNELS AMZN.COM/BILLWASECURITY DISPUTE ADJUSTMENT,-7.62,Payments and Credits,,,
5/11/2024,5/11/2024,AMZN MKTP US*TM8B81BH3 AMZN.COM/BILLWAITEM TRANSFERRED FROM PREV ACCOUNT,61.3,Merchandise,,,
5/14/2024,5/14/2024,INTERNET PAYMENT - THANK YOU,-206,Payments and Credits,,,
5/24/2024,5/24/2024,IXTAPA CARNATION CARNATION WA,23.5,Restaurants,,,
5/30/2024,5/30/2024,SNOQUALMIE VALLEY SCHOOL SNOQUALMIE WA,40,Education,,,
5/31/2024,5/31/2024,WALGREENS #6357 ISSAQUAH WASAMSUNG PAY ENDING IN 6222,6.62,Merchandise,,,
5/31/2024,5/31/2024,WALGREENS #6357 ISSAQUAH WA,18.74,Merchandise,,,
6/8/2024,6/8/2024,0009P - PARKINGCOM 8444727577 IL,15.99,Services,,,
6/8/2024,6/8/2024,TST* DOUGH ZONE - ISSA ISSAQUAH WA00079520018182966275AA,117.04,Restaurants,,,
6/9/2024,6/9/2024,INTERNET PAYMENT - THANK YOU,-88.86,Payments and Credits,,,
6/11/2024,6/11/2024,CASHBACK BONUS REDEMPTION PYMT/STMT CRDT,-27,Awards and Rebate Credits,,,
6/11/2024,6/11/2024,INTERNET PAYMENT - THANK YOU,-106.03,Payments and Credits,,,
6/14/2024,6/14/2024,SAFEWAY FUEL3613 SNOQUALMIE WASAMSUNG PAY ENDING IN 6222,49.9,Gasoline,,,
6/17/2024,6/17/2024,QFC #5821 ISSAQUAH WA,50.95,Supermarkets,,,
6/23/2024,6/23/2024,INTERNET PAYMENT - THANK YOU,-100.85,Payments and Credits,,,
6/23/2024,6/23/2024,SEA BAD EGG 6951118 TUKWILA WASAMSUNG PAY ENDING IN 6222,16.52,Restaurants,,,
6/25/2024,6/25/2024,WAIKOLOA VILLAGE MK WAIKOLOA HISAMSUNG PAY ENDING IN 4071,6.24,Supermarkets,,,
6/25/2024,6/25/2024,WAIKOLOA VILLAGE MK WAIKOLOA HISAMSUNG PAY ENDING IN 4071,10.46,Supermarkets,,,
6/26/2024,6/26/2024,KTA SUPER STORES 02 KAILUA-KONA HISAMSUNG PAY ENDING IN 4071,1.98,Supermarkets,,,
7/1/2024,7/1/2024,GYPSEA GELATO - WAIKOLOA WAIKOLOA HISAMSUNG PAY ENDING IN 4071,5.33,Restaurants,,,
7/1/2024,7/1/2024,KTA SUPER STORES 02 KAILUA-KONA HISAMSUNG PAY ENDING IN 4071,10.13,Supermarkets,,,
7/8/2024,7/8/2024,SEATTLE SAILING CLUB SEATTLE WASAMSUNG PAY ENDING IN 4071,27.59,Services,,,
7/11/2024,7/11/2024,METROPOLITAN MARKET SAMMAMISH WASAMSUNG PAY ENDING IN 6222,9.72,Supermarkets,,,
7/19/2024,7/19/2024,RAYS BOATHOUSE SEATTLE WA,30,Restaurants,,,
7/23/2024,7/23/2024,DOWNRIGGERS RESTAURANT FRIDAY HARBORWA,203.16,Restaurants,,,
7/23/2024,7/23/2024,INTERNET PAYMENT - THANK YOU,-117.97,Payments and Credits,,,
7/24/2024,7/24/2024,KINGS MARKET FRIDAY HARBORWA,7.29,Supermarkets,,,
8/1/2024,8/1/2024,CONUNDROOM.US 4259061094 WA,265.43,Travel/ Entertainment,,,
8/2/2024,8/2/2024,CASHBACK BONUS REDEMPTION PYMT/STMT CRDT,-5,Awards and Rebate Credits,,,
8/2/2024,8/2/2024,INTERNET PAYMENT - THANK YOU,-205.45,Payments and Credits,,,
8/2/2024,8/2/2024,PICKLE TIME DUVALL DUVALL WASAMSUNG PAY ENDING IN 6222,21.79,Restaurants,,,
8/4/2024,8/6/2024,COLD STONE CREAMERY #2 BELLEVUE WA,6.15,Restaurants,,,
8/5/2024,8/6/2024,METROPOLITAN MARKET SAMMAMISH WA,2.99,Supermarkets,,,
8/15/2024,8/15/2024,METROPOLITAN MARKET SAMMAMISH WA,11.89,Supermarkets,,,
8/16/2024,8/16/2024,THE SWIRL SNOQUALMIE WA,9.34,Restaurants,,,
8/20/2024,8/20/2024,METROPOLITAN MARKET SAMMAMISH WA,9.99,Supermarkets,,,
8/23/2024,8/23/2024,SAFEWAY #0555 SAMMAMISH WA,8.8,Supermarkets,,,
8/23/2024,8/23/2024,SAFEWAY FUEL3006 ISSAQUAH WA,49.45,Gasoline,,,
8/25/2024,8/25/2024,CASHBACK BONUS REDEMPTION PYMT/STMT CRDT,-6,Awards and Rebate Credits,,,
8/25/2024,8/25/2024,INTERNET PAYMENT - THANK YOU,-321.58,Payments and Credits,,,
8/26/2024,8/26/2024,SAFEWAY #0555 SAMMAMISH WA,8.8,Supermarkets,,,
8/27/2024,8/27/2024,SQ *SNOQUALMIE ICE CRE SNOQUALMIE WA0001152921514468855136,21.72,Restaurants,,,
9/1/2024,9/1/2024,FRED-MEYER #0024 BURLINGTON WASAMSUNG PAY ENDING IN 6222,20.55,Supermarkets,,,
9/3/2024,9/3/2024,INTERNET PAYMENT - THANK YOU,-109.32,Payments and Credits,,,
9/6/2024,9/6/2024,SAFEWAY #0555 SAMMAMISH WASAMSUNG PAY ENDING IN 6222,8.8,Supermarkets,,,
9/11/2024,9/11/2024,SAFEWAY #0555 SAMMAMISH WA,6.99,Supermarkets,,,
9/15/2024,9/15/2024,SAFEWAY #3613 SNOQUALMIE WA,3.99,Supermarkets,,,
9/23/2024,9/23/2024,CASHBACK BONUS REDEMPTION PYMT/STMT CRDT,-4,Awards and Rebate Credits,,,
9/23/2024,9/23/2024,INTERNET PAYMENT - THANK YOU,-15.78,Payments and Credits,,,
9/23/2024,9/23/2024,MYNEXTBIKE.CO.UK 07398649228 GBR554.00 @ 00000001.3261720 GBP,734.7,Merchandise,,,
9/24/2024,9/24/2024,TESCO STORES NORTH SHIELDSGBR5.00 @ 00000001.3440000 GBP,6.72,Supermarkets,,,
9/25/2024,9/25/2024,INTERNET PAYMENT - THANK YOU,-734.7,Payments and Credits,,,
10/3/2024,10/6/2024,SUMUP *BELLI E BRUTTI DURHAM GBR5.00 @ 00000001.3200000 GBP,6.6,Restaurants,,,
10/5/2024,10/6/2024,DURHAM STUDENT MUSIC 07542723113 GBR15.00 @ 00000001.3155644 GBP,19.73,Education,,,
10/14/2024,10/14/2024,BOOTS/0561 DURHAM GBR8.42 @ 00000001.3123515 GBP,11.05,Merchandise,,,
10/29/2024,10/29/2024,CASHBACK BONUS REDEMPTION PYMT/STMT CRDT,-9,Awards and Rebate Credits,,,
10/29/2024,10/29/2024,INTERNET PAYMENT - THANK YOU,-35.1,Payments and Credits,,,
11/6/2024,11/6/2024,DURHAM STUDENT MUSIC 07542723113 GBR20.00 @ 00000001.2917560 GBP,25.84,Education,,,
12/22/2024,12/22/2024,AMAZON.COM*ZE6YM7N72 AMZN.COM/BILLWAOFRQ4DD17P2,25.64,Merchandise,,,
12/23/2024,12/23/2024,"ALIPAY US, INC. 865-719-5188 DE",26.44,Merchandise,,,
12/24/2024,12/24/2024,AMAZON MKTPL*ZE4Z544U0 AMZN.COM/BILLWA50Q7071CUZ8,35.94,Merchandise,,,
12/26/2024,12/26/2024,AMAZON MKTPL*ZE20730A0 AMZN.COM/BILLWA66C227QO5AJ,27.26,Merchandise,,,
1/2/2025,1/2/2025,DIRECTPAY FULL BALANCESEE DETAILS OF YOUR NEXT DIRECTPAY BELOW,-25.84,Payments and Credits,,,
1/6/2025,1/6/2025,DISCORD* NITROMONTHLY 8885940085 CA,10.91,Services,,,
1/9/2025,1/12/2025,DISCORD* NITROMONTHLY 8885940085 CA,-10.91,Payments and Credits,,,
1/19/2025,1/19/2025,CASHBACK BONUS REDEMPTION PYMT/STMT CRDT,-57.24,Awards and Rebate Credits,,,
1/19/2025,1/19/2025,INTERNET PAYMENT - THANK YOU,-58.04,Payments and Credits,,,
2/16/2025,2/16/2025,AMAZON MKTPL*JL64R6XI3 AMZN.COM/BILLWA59DFFATVF4N,91.96,Merchandise,,,
2/22/2025,2/22/2025,INTERNET PAYMENT - THANK YOU,-91.96,Payments and Credits,,,
2/23/2025,2/23/2025,AMAZON MKTPL*B19CW1X93 AMZN.COM/BILLWA7CMOZX2Y0SO,7.63,Merchandise,,,
2/25/2025,2/25/2025,AMAZON MKTPL*EY8U22523 AMZN.COM/BILLWA4MLG5IVGS9M,6.64,Merchandise,,,
3/1/2025,3/1/2025,CIRCUIT GO 78709999 GBR4.90 @ 00000001.2597790 GBP,6.17,Services,,,
3/4/2025,3/4/2025,INTERNET PAYMENT - THANK YOU,-20.44,Payments and Credits,,,
3/23/2025,3/23/2025,SUMUP *BELLI E BRUTTI DURHAM GBR5.00 @ 00000001.3000000 GBP,6.5,Restaurants,,,
4/10/2025,4/10/2025,PANDA EXPRESS #2154 ISSAQUAH WASAMSUNG PAY ENDING IN 6222,11.8,Restaurants,,,
5/2/2025,5/2/2025,DIRECTPAY FULL BALANCESEE DETAILS OF YOUR NEXT DIRECTPAY BELOW,-6.5,Payments and Credits,,,
6/2/2025,6/2/2025,DIRECTPAY FULL BALANCESEE DETAILS OF YOUR NEXT DIRECTPAY BELOW,-11.8,Payments and Credits,,,
